first_name,last_name,email_address,street_address,post_code,age,date_of_birth
Emily,Clarke,emily.clarke@gmail.com,14 Maple Street,SW1A 1AA,34,15/06/1990
James,Thornton,james.thornton@nhs.net,7 Oak Avenue,EC1A 1BB,47,22/03/1977
Sarah,Patel,sarah.patel@yahoo.co.uk,3 Birch Close,W1B 2CC,29,08/11/1995
Michael,Roberts,m.roberts@outlook.com,92 Cedar Road,SE1 7DD,52,14/01/1972
Priya,Sharma,priya.sharma@hotmail.com,21 Elm Drive,N1 5EE,38,30/09/1986
David,Hughes,d.hughes@gmail.com,6 Ash Lane,WC2N 3FF,61,05/04/1963
Amelia,Foster,amelia.foster@nhs.net,18 Pine Gardens,BS1 4GG,44,19/07/1980
Thomas,Murphy,t.murphy@yahoo.com,55 Willow Way,M1 3HH,26,12/02/1998
Charlotte,Khan,c.khan@btinternet.com,9 Beech Square,B1 2JJ,33,27/08/1991
Oliver,Evans,oliver.evans@gmail.com,31 Sycamore Place,LS1 1KK,56,03/12/1968
